Depth,Map,Width,Height,PointA,PointB,Time1,Time2,Time3,Time4,Time5,Time6,Time7,Time8,Time9,Time10,AvgTime,Distance,NodesVisited
4,A,100,100,(6 6),(93 6),0,0,0,0,0,0,0,0,0,0,0,-1,-1
4,A,100,100,(6 93),(93 6),0,0,0,0,0,0,0,0,0,0,0,-1,-1
4,A,100,100,(6 93),(93 93),0,0,0,0,0,0,0,0,0,0,0,-1,-1
4,A,100,100,(6 6),(93 93),0,0,0,0,0,0,0,0,0,0,0,-1,-1
4,A,200,200,(13 13),(186 13),0.002982,0.001994,0.002993,0.002992,0.002993,0.002991,0.004986,0.002991,0.002993,0.002992,0.0030907,292.392,73
4,A,200,200,(13 186),(186 13),0.003989,0.002991,0.003993,0.013958,0.004989,0.003989,0.002991,0.002994,0.00299,0.007979,0.0050863,335.499,79
4,A,200,200,(13 186),(186 186),0.001994,0.002992,0.001995,0.002993,0.001995,0.002001,0.001987,0.002992,0.001995,0.001995,0.0022939,302.019,60
4,A,200,200,(13 13),(186 186),0.00399,0.003003,0.001983,0.015957,0.002015,0.003045,0.004916,0.00299,0.001996,0.002991,0.0042886,263.066,62
4,A,400,400,(26 26),(373 26),0.002992,0.00399,0.001994,0.002993,0.002994,0.002989,0.002992,0.015958,0.002998,0.002985,0.0042885,585.467,69
4,A,400,400,(26 373),(373 26),0.003987,0.002992,0.00399,0.006982,0.076795,0.002991,0.002992,0.002993,0.002991,0.00299,0.0109703,672.367,78
4,A,400,400,(26 373),(373 373),0.001994,0.002992,0.000998,0.002004,0.000988,0.001995,0.001998,0.003,0.001992,0.001985,0.0019946,606.136,59
4,A,400,400,(26 26),(373 373),0.001995,0.002991,0.001995,0.002992,0.001996,0.002992,0.001996,0.001995,0.002992,0.001994,0.0023938,527.547,62
4,A,500,500,(33 33),(466 33),0.002991,0.002993,0.002991,0.003989,0.002992,0.003005,0.002979,0.002992,0.002992,0.002992,0.0030916,730.593,69
4,A,500,500,(33 466),(466 33),0.002996,0.002987,0.002992,0.002992,0.003991,0.006988,0.003981,0.002992,0.003989,0.00399,0.0037898,839.391,78
4,A,500,500,(33 466),(466 466),0.004987,0.005984,0.00399,0.003989,0.031919,0.002987,0.001994,0.001996,0.002992,0.005983,0.0066821,756.783,59
4,A,500,500,(33 33),(466 466),0.001985,0.001994,0.002992,0.002992,0.002993,0.001995,0.002991,0.001995,0.002991,0.002993,0.0025921,658.373,62
4,A,600,600,(40 40),(560 40),0.002991,0.002992,0.001995,0.002992,0.002991,0.002992,0.001995,0.001995,0.002992,0.002991,0.0026926,876.422,69
4,A,600,600,(40 560),(560 40),0.003989,0.00299,0.002992,0.002993,0.003988,0.002992,0.002992,0.00399,0.002991,0.018949,0.0048866,1007.82,78
4,A,600,600,(40 560),(560 560),0.002991,0.002993,0.001995,0.002991,0.002992,0.001997,0.001993,0.002992,0.001995,0.002991,0.002593,909.547,59
4,A,600,600,(40 40),(560 560),0.002986,0.001996,0.00299,0.002992,0.001996,0.002992,0.001995,0.007978,0.002992,0.001995,0.0030912,790.613,62
4,A,1000,1000,(66 66),(933 66),0.00399,0.002992,0.003991,0.00299,0.001995,0.001996,0.001993,0.004008,0.002973,0.002007,0.0028935,1461.88,69
4,A,1000,1000,(66 933),(933 66),0.00299,0.002999,0.00199,0.003991,0.00299,0.002993,0.003001,0.002981,0.002992,0.004,0.0030927,1680.18,78
4,A,1000,1000,(66 933),(933 933),0.006981,0.002992,0.003988,0.004993,0.003992,0.002986,0.00299,0.001994,0.00399,0.00299,0.0037896,1515.68,59
4,A,1000,1000,(66 66),(933 933),0.002994,0.001994,0.125664,0.002991,0.004988,0.002993,0.002991,0.001995,0.002991,0.002992,0.0152593,1318.16,62
4,A,1500,1500,(100 100),(1400 100),0.003982,0.002992,0.003989,0.002992,0.001994,0.002992,0.003991,0.002991,0.002992,0.00399,0.0032905,2191.05,69
4,A,1500,1500,(100 1400),(1400 100),0.002991,0.002991,0.00499,0.013959,0.00698,0.004987,0.002992,0.003989,0.032914,0.004005,0.0080798,2519.55,78
4,A,1500,1500,(100 1400),(1400 1400),0.003989,0.002992,0.004988,0.001994,0.002991,0.001995,0.002993,0.002992,0.002991,0.001993,0.0029918,2273.87,59
4,A,1500,1500,(100 100),(1400 1400),0.001994,0.002991,0.001995,0.001994,0.002993,0.001994,0.001995,0.001995,0.001994,0.001995,0.002194,1976.53,62
4,A,3000,3000,(200 200),(2800 200),0.001994,0.002992,0.002992,0.001995,0.002992,0.001995,0.002992,0.002992,0.001994,0.001995,0.0024933,4382.11,69
4,A,3000,3000,(200 2800),(2800 200),0.002992,0.003988,0.001995,0.001993,0.002992,0.002992,0.001995,0.001995,0.002992,0.002997,0.0026931,5039.1,78
4,A,3000,3000,(200 2800),(2800 2800),0.001994,0.002991,0.001995,0.001994,0.001996,0.002992,0.001994,0.002992,0.001995,0.001995,0.0022938,4547.73,59
4,A,3000,3000,(200 200),(2800 2800),0.001993,0.001995,0.001996,0.001993,0.002993,0.001994,0.000997,0.002003,0.001986,0.002993,0.0020943,3953.06,62
4,B,100,100,(6 6),(93 6),0,0,0,0,0,0,0,0,0,0,0,-1,-1
4,B,100,100,(6 93),(93 6),0,0,0,0,0,0,0,0,0,0,0,-1,-1
4,B,100,100,(6 93),(93 93),0,0,0,0,0,0,0,0,0,0,0,-1,-1
4,B,100,100,(6 6),(93 93),0,0,0,0,0,0,0,0,0,0,0,-1,-1
4,B,200,200,(13 13),(186 13),0,0,0,0,0,0,0,0,0,0,0,-1,-1
4,B,200,200,(13 186),(186 13),0,0,0,0,0,0,0,0,0,0,0,-1,-1
4,B,200,200,(13 186),(186 186),0.001007,0,0,0,0,0,0,0,0,0,0.0001007,-1,-1
4,B,200,200,(13 13),(186 186),0,0,0,0,0,0,0,0,0,0,0,-1,-1
4,B,400,400,(26 26),(373 26),0,0,0,0,0,0,0,0,0,0,0,-1,-1
4,B,400,400,(26 373),(373 26),0,0,0,0,0,0,0,0,0,0,0,-1,-1
4,B,400,400,(26 373),(373 373),0,0.000996,0,0,0,0,0,0,0,0,9.96e-005,-1,-1
4,B,400,400,(26 26),(373 373),0,0,0,0,0,0,0,0,0,0,0,-1,-1
4,B,500,500,(33 33),(466 33),0,0,0,0,0,0,0,0,0,0,0,-1,-1
4,B,500,500,(33 466),(466 33),0,0,0,0,0,0,0,0,0,0,0,-1,-1
4,B,500,500,(33 466),(466 466),0,0,0,0,0,0,0,0,0,0,0,-1,-1
4,B,500,500,(33 33),(466 466),0,0,0,0,0,0,0,0,0,0,0,-1,-1
4,B,600,600,(40 40),(560 40),0,0,0,0,0,0,0,0,0,0,0,-1,-1
4,B,600,600,(40 560),(560 40),0.000994,0,0,0,0,0,0,0,0,0,9.94e-005,-1,-1
4,B,600,600,(40 560),(560 560),0,0,0,0,0,0.000998,0,0,0,0,9.98e-005,-1,-1
4,B,600,600,(40 40),(560 560),0,0,0,0,0,0,0,0,0,0,0,-1,-1
4,B,1000,1000,(66 66),(933 66),0,0,0,0,0,0,0,0,0,0,0,-1,-1
4,B,1000,1000,(66 933),(933 66),0,0,0,0,0,0,0,0,0,0,0,-1,-1
4,B,1000,1000,(66 933),(933 933),0,0,0,0,0,0,0,0,0,0,0,-1,-1
4,B,1000,1000,(66 66),(933 933),0,0,0,0,0,0,0,0,0,0,0,-1,-1
4,B,1500,1500,(100 100),(1400 100),0,0,0,0,0.000991,0,0,0,0,0,9.91e-005,-1,-1
4,B,1500,1500,(100 1400),(1400 100),0.000999,0,0,0,0,0,0,0,0,0,9.99e-005,-1,-1
4,B,1500,1500,(100 1400),(1400 1400),0,0,0,0,0,0,0,0,0,0,0,-1,-1
4,B,1500,1500,(100 100),(1400 1400),0,0,0,0,0,0,0,0,0,0,0,-1,-1
4,B,3000,3000,(200 200),(2800 200),0,0,0,0,0,0,0,0,0,0,0,-1,-1
4,B,3000,3000,(200 2800),(2800 200),0,0,0,0,0,0,0,0,0,0,0,-1,-1
4,B,3000,3000,(200 2800),(2800 2800),0,0,0,0,0,0,0,0,0,0,0,-1,-1
4,B,3000,3000,(200 200),(2800 2800),0,0,0,0,0,0,0,0,0,0,0,-1,-1
5,A,100,100,(6 6),(93 6),0.006981,0.005985,0.004987,0.004986,0.00399,0.003989,0.004986,0.003989,0.00399,0.003989,0.0047872,142.472,128
5,A,100,100,(6 93),(93 6),0.005989,0.004985,0.005982,0.00698,0.004987,0.010971,0.005985,0.005983,0.005984,0.005984,0.006383,162.933,160
5,A,100,100,(6 93),(93 93),0.003989,0.003989,0.005013,0.004961,0.005985,0.005985,0.003986,0.00399,0.003989,0.004,0.0045887,149.855,136
5,A,100,100,(6 6),(93 93),0.002991,0.00399,0.00399,0.002991,0.002991,0.004003,0.002984,0.001994,0.002991,0.001995,0.003092,131.123,109
5,A,200,200,(13 13),(186 13),0.003988,0.004987,0.004987,0.006981,0.006981,0.005985,0.005984,0.005983,0.00399,0.004988,0.0054854,282.42,130
5,A,200,200,(13 186),(186 13),0.005988,0.005978,0.006982,0.008977,0.009973,0.009974,0.008983,0.006974,0.008986,0.009963,0.0082778,325.528,165
5,A,200,200,(13 186),(186 186),0.009965,0.006983,0.007976,0.004987,0.008976,0.016956,0.011973,0.012965,0.009972,0.009979,0.0100732,299.694,136
5,A,200,200,(13 13),(186 186),0.003987,0.00399,0.004986,0.00399,0.003989,0.00399,0.004986,0.004988,0.00698,0.004988,0.0046874,260.831,110
5,A,400,400,(26 26),(373 26),0.004993,0.004981,0.004987,0.004986,0.003989,0.004986,0.00399,0.004986,0.007986,0.004979,0.0050863,565.139,128
5,A,400,400,(26 373),(373 26),0.008975,0.008975,0.005985,0.005984,0.006981,0.035904,0.007978,0.00798,0.009973,0.009975,0.010871,652.038,165
5,A,400,400,(26 373),(373 373),0.006981,0.006982,0.005984,0.005984,0.004986,0.005984,0.005984,0.005983,0.004987,0.003989,0.0057844,601.802,136
5,A,400,400,(26 26),(373 373),0.002992,0.002992,0.002992,0.002992,0.002991,0.002993,0.002991,0.002993,0.002991,0.002999,0.0029926,523.077,125
5,A,500,500,(33 33),(466 33),0.004986,0.00599,0.005979,0.005984,0.004987,0.005983,0.004987,0.00399,0.006981,0.004987,0.0054854,705.163,128
5,A,500,500,(33 466),(466 33),0.005985,0.006979,0.029922,0.006981,0.008976,0.006981,0.006978,0.007978,0.008975,0.008978,0.0098733,813.961,164
5,A,500,500,(33 466),(466 466),0.004986,0.004987,0.005984,0.004986,0.004987,0.004987,0.005984,0.005984,0.006983,0.005981,0.0055849,751.676,136
5,A,500,500,(33 33),(466 466),0.005984,0.003989,0.004988,0.003988,0.004987,0.003988,0.002993,0.003989,0.00399,0.003991,0.0042887,652.785,125
5,A,600,600,(40 40),(560 40),0.003989,0.005983,0.035904,0.004987,0.004987,0.005983,0.004987,0.004989,0.006979,0.00599,0.0084778,847.801,132
5,A,600,600,(40 560),(560 40),0.005983,0.006987,0.008972,0.008975,0.008976,0.006981,0.005984,0.005985,0.005983,0.005984,0.007081,979.199,171
5,A,600,600,(40 560),(560 560),0.00399,0.003989,0.003989,0.003989,0.003989,0.00399,0.003989,0.004987,0.00399,0.003989,0.0040891,903.967,136
5,A,600,600,(40 40),(560 560),0.003989,0.001994,0.002992,0.003991,0.00399,0.003988,0.003989,0.003989,0.002992,0.002991,0.0034905,783.908,125
5,A,1000,1000,(66 66),(933 66),0.003989,0.004987,0.003989,0.006983,0.003988,0.003989,0.004987,0.003989,0.004988,0.003988,0.0045877,1410.65,128
5,A,1000,1000,(66 933),(933 66),0.006981,0.005985,0.005983,0.005984,0.005984,0.006981,0.005984,0.004987,0.005984,0.006982,0.0061835,1628.94,164
5,A,1000,1000,(66 933),(933 933),0.004985,0.003989,0.004987,0.003989,0.004016,0.003989,0.004962,0.004498,0.009502,0.007939,0.0052856,1505.76,136
5,A,1000,1000,(66 66),(933 933),0.003025,0.002994,0.001994,0.002995,0.002985,0.002987,0.002992,0.001995,0.002991,0.002993,0.0027951,1306.98,125
5,A,1500,1500,(100 100),(1400 100),0.004987,0.004987,0.004986,0.00399,0.00399,0.004987,0.003989,0.004987,0.003989,0.004987,0.0045879,2119.5,132
5,A,1500,1500,(100 1400),(1400 100),0.005983,0.005013,0.004987,0.005984,0.005983,0.005984,0.005986,0.005988,0.005988,0.005974,0.005787,2448,174
5,A,1500,1500,(100 1400),(1400 1400),0.003989,0.00399,0.003989,0.004987,0.00399,0.00399,0.003989,0.004987,0.004987,0.006981,0.0045879,2259.92,136
5,A,1500,1500,(100 100),(1400 1400),0.00298,0.00299,0.002992,0.002992,0.002991,0.002993,0.003004,0.002985,0.006976,0.006981,0.0037884,1959.77,125
5,A,3000,3000,(200 200),(2800 200),0.004986,0.004987,0.004986,0.004987,0.004987,0.004987,0.004986,0.003991,0.003988,0.004987,0.0047872,4190.91,132
5,A,3000,3000,(200 2800),(2800 200),0.005984,0.005984,0.005984,0.005984,0.006982,0.005983,0.004987,0.005984,0.004987,0.005983,0.0058842,4847.9,168
5,A,3000,3000,(200 2800),(2800 2800),0.00399,0.00499,0.004983,0.003989,0.003989,0.004987,0.003995,0.004981,0.004987,0.003989,0.004488,4519.83,136
5,A,3000,3000,(200 200),(2800 2800),0.002993,0.003027,0.002955,0.002994,0.002992,0.002991,0.001994,0.002992,0.002993,0.002991,0.0028922,3919.54,125
5,B,100,100,(6 6),(93 6),0.005985,0.005992,0.004979,0.005984,0.004986,0.004987,0.004986,0.004987,0.005984,0.004987,0.0053857,162.982,169
5,B,100,100,(6 93),(93 6),0.00698,0.005984,0.006981,0.006981,0.009974,0.007978,0.006981,0.007015,0.006948,0.005984,0.0071806,185.471,200
5,B,100,100,(6 93),(93 93),0.003031,0.002951,0.002035,0.002964,0.002011,0.003966,0.002016,0.002994,0.003984,0.002955,0.0028907,152.23,108
5,B,100,100,(6 6),(93 93),0.002036,0.001995,0.001962,0.002984,0.001029,0.001962,0.002033,0.001959,0.002025,0.001993,0.0019978,130.909,81
5,B,200,200,(13 13),(186 13),0.004989,0.004944,0.006003,0.004968,0.005029,0.005941,0.004986,0.005987,0.004986,0.005984,0.0053817,349.121,189
5,B,200,200,(13 186),(186 13),0.006022,0.008937,0.00602,0.005985,0.00599,0.00698,0.006973,0.005951,0.007009,0.006953,0.006682,387.475,208
5,B,200,200,(13 186),(186 186),0.003012,0.003007,0.001997,0.002955,0.003017,0.004006,0.001953,0.003034,0.00299,0.002952,0.0028923,311.251,110
5,B,200,200,(13 13),(186 186),0.002992,0.001994,0.002992,0.001995,0.002992,0.001995,0.001995,0.002031,0.002991,0.002,0.0023977,268.08,105
5,B,400,400,(26 26),(373 26),0.004983,0.006943,0.005014,0.003999,0.005988,0.00399,0.004984,0.00597,0.004998,0.005952,0.0052821,698.704,182
5,B,400,400,(26 373),(373 26),0.006028,0.005987,0.006946,0.006013,0.005983,0.005989,0.00598,0.005984,0.006942,0.006997,0.0062849,776.303,207
5,B,400,400,(26 373),(373 373),0.005974,0.003988,0.004991,0.002991,0.00299,0.002994,0.002991,0.005983,0.003991,0.00299,0.0039883,624.606,110
5,B,400,400,(26 26),(373 373),0.002991,0.003026,0.00196,0.002953,0.003033,0.001995,0.003013,0.001932,0.004031,0.003964,0.0028898,537.263,97
5,B,500,500,(33 33),(466 33),0.00698,0.00698,0.006984,0.005981,0.005984,0.009002,0.007954,0.009004,0.00795,0.008976,0.0075795,872.347,183
5,B,500,500,(33 466),(466 33),0.009975,0.005981,0.009975,0.008974,0.009974,0.010972,0.00698,0.008978,0.006979,0.005985,0.0084773,969.374,208
5,B,500,500,(33 466),(466 466),0.002995,0.002988,0.002992,0.002992,0.002992,0.002993,0.002991,0.002992,0.002992,0.001994,0.0028921,780.254,110
5,B,500,500,(33 33),(466 466),0.001995,0.002991,0.001995,0.001994,0.002993,0.001994,0.001995,0.002991,0.001996,0.001994,0.0022938,670.593,97
5,B,600,600,(40 40),(560 40),0.005984,0.004987,0.005983,0.004987,0.005986,0.005981,0.006983,0.005019,0.00595,0.005984,0.0057844,1046.48,189
5,B,600,600,(40 560),(560 40),0.010971,0.008974,0.00798,0.00698,0.009975,0.010969,0.006982,0.008976,0.008975,0.006987,0.0087769,1163.84,208
5,B,600,600,(40 560),(560 560),0.002992,0.003989,0.002992,0.00399,0.002992,0.003989,0.002992,0.002992,0.002992,0.002992,0.0032912,938.028,110
5,B,600,600,(40 40),(560 560),0.002978,0.002993,0.003989,0.003989,0.002994,0.003987,0.00399,0.001994,0.003989,0.002992,0.0033895,805.044,97
5,B,1000,1000,(66 66),(933 66),0.005984,0.005984,0.007979,0.007979,0.006981,0.006981,0.005985,0.005983,0.004987,0.005984,0.0064827,1824.81,197
5,B,1000,1000,(66 933),(933 66),0.008015,0.005947,0.005985,0.007952,0.006981,0.006981,0.007979,0.00698,0.007979,0.006982,0.0071781,2019.77,217
5,B,1000,1000,(66 933),(933 933),0.00399,0.004987,0.002993,0.003989,0.002991,0.003989,0.002992,0.004986,0.00399,0.003991,0.0038898,1562.63,110
5,B,1000,1000,(66 66),(933 933),0.002991,0.004004,0.003975,0.002992,0.002993,0.003008,0.002979,0.003985,0.001995,0.002992,0.0031914,1342.31,97
5,B,1500,1500,(100 100),(1400 100),0.005984,0.006982,0.005984,0.007981,0.007976,0.007979,0.006981,0.006982,0.006981,0.006982,0.0070812,2735.66,196
5,B,1500,1500,(100 1400),(1400 100),0.007979,0.006981,0.006981,0.00798,0.007978,0.006981,0.006985,0.006978,0.005984,0.008976,0.0073803,3029.05,216
5,B,1500,1500,(100 1400),(1400 1400),0.002991,0.002991,0.00399,0.003995,0.002987,0.002991,0.002993,0.003989,0.003989,0.002992,0.0033908,2345.07,110
5,B,1500,1500,(100 100),(1400 1400),0.002991,0.002993,0.001994,0.002992,0.002992,0.001996,0.002991,0.002992,0.001994,0.002992,0.0026927,2012.61,97
5,B,3000,3000,(200 200),(2800 200),0.00598,0.005968,0.005985,0.005984,0.006981,0.006982,0.008976,0.006981,0.005984,0.006982,0.0066803,5471.32,196
5,B,3000,3000,(200 2800),(2800 200),0.011968,0.009974,0.008982,0.01595,0.013963,0.010971,0.013963,0.010977,0.010963,0.010971,0.0118682,6058.11,216
5,B,3000,3000,(200 2800),(2800 2800),0.00399,0.004986,0.004993,0.004983,0.004983,0.004988,0.004986,0.004987,0.004986,0.004987,0.0048869,4690.14,112
5,B,3000,3000,(200 200),(2800 2800),0.001993,0.002992,0.001995,0.002992,0.00399,0.00399,0.002991,0.003991,0.001994,0.002992,0.002992,4025.22,99
6,A,100,100,(6 6),(93 6),0.011968,0.011967,0.008976,0.008978,0.011966,0.012967,0.007977,0.007979,0.008976,0.007989,0.0099743,138.405,246
6,A,100,100,(6 93),(93 6),0.010971,0.012967,0.012963,0.014962,0.013961,0.01097,0.010971,0.016954,0.013963,0.010971,0.0129653,155.686,284
6,A,100,100,(6 93),(93 93),0.006981,0.007978,0.006982,0.007978,0.006982,0.006981,0.007008,0.007979,0.006974,0.007988,0.0073831,146.33,247
6,A,100,100,(6 6),(93 93),0.006967,0.005983,0.006982,0.005984,0.006981,0.005984,0.006982,0.006981,0.005984,0.006981,0.0065809,129.471,268
6,A,200,200,(13 13),(186 13),0.009925,0.005984,0.005984,0.005976,0.005958,0.006981,0.007978,0.010972,0.009973,0.006981,0.0076712,278.6,179
6,A,200,200,(13 186),(186 13),0.008976,0.007979,0.013963,0.01097,0.008976,0.008976,0.008976,0.008976,0.009973,0.008977,0.0096742,315.349,208
6,A,200,200,(13 186),(186 186),0.008975,0.006981,0.007979,0.006981,0.007978,0.008976,0.007985,0.006975,0.007979,0.007979,0.0078788,293.765,180
6,A,200,200,(13 13),(186 186),0.004986,0.006991,0.005975,0.005984,0.004987,0.004987,0.002992,0.003989,0.003989,0.003989,0.0048869,260.426,151
6,A,400,400,(26 26),(373 26),0.004987,0.005984,0.004997,0.005973,0.004987,0.005984,0.004987,0.005983,0.004987,0.005984,0.0054853,565.139,160
6,A,400,400,(26 373),(373 26),0.006981,0.006981,0.007979,0.008007,0.006981,0.006981,0.007979,0.006955,0.009002,0.008948,0.0076794,639.32,192
6,A,400,400,(26 373),(373 373),0.006981,0.004987,0.004986,0.004987,0.006983,0.00698,0.005985,0.006981,0.004986,0.003989,0.0057845,589.944,157
6,A,400,400,(26 26),(373 373),0.004985,0.003989,0.005984,0.003992,0.005982,0.004986,0.004987,0.004989,0.004985,0.003989,0.0048868,522.267,140
6,A,500,500,(33 33),(466 33),0.004986,0.004987,0.005984,0.007979,0.005983,0.005985,0.004987,0.007979,0.005984,0.005984,0.0060838,705.163,160
6,A,500,500,(33 466),(466 33),0.007961,0.008977,0.011969,0.008974,0.007978,0.006982,0.007979,0.006981,0.007978,0.006982,0.0082761,798.063,191
6,A,500,500,(33 466),(466 466),0.004986,0.003989,0.004994,0.005976,0.00798,0.004995,0.004977,0.00399,0.005983,0.00499,0.005286,736.853,157
6,A,500,500,(33 33),(466 466),0.003992,0.003986,0.003993,0.002988,0.004005,0.003975,0.003988,0.004987,0.002992,0.004992,0.0039898,651.773,140
6,A,600,600,(40 40),(560 40),0.007979,0.009974,0.009973,0.008982,0.010964,0.008984,0.006974,0.007979,0.009973,0.009974,0.0091756,847.801,164
6,A,600,600,(40 560),(560 40),0.011968,0.007979,0.006981,0.006982,0.006981,0.006981,0.006981,0.006981,0.009978,0.011965,0.0083777,957.832,186
6,A,600,600,(40 560),(560 560),0.004986,0.004986,0.004987,0.007025,0.006973,0.005949,0.004988,0.004999,0.004974,0.00499,0.0054857,886.18,157
6,A,600,600,(40 40),(560 560),0.006984,0.006945,0.00399,0.004016,0.004959,0.002992,0.002991,0.004987,0.00399,0.003989,0.0045843,782.693,140
6,A,1000,1000,(66 66),(933 66),0.005984,0.007979,0.006981,0.006981,0.006981,0.005984,0.006982,0.007979,0.005984,0.006981,0.0068816,1410.65,160
6,A,1000,1000,(66 933),(933 66),0.009972,0.012965,0.012971,0.012961,0.007978,0.008976,0.008989,0.012953,0.011967,0.011969,0.0111701,1597.14,187
6,A,1000,1000,(66 933),(933 933),0.004986,0.004987,0.004987,0.004987,0.004987,0.004987,0.004985,0.008976,0.007978,0.004988,0.0056848,1476.12,157
6,A,1000,1000,(66 66),(933 933),0.003989,0.00399,0.003989,0.002992,0.00399,0.003989,0.003989,0.00399,0.002991,0.00399,0.0037899,1304.96,140
6,A,1500,1500,(100 100),(1400 100),0.006981,0.005984,0.007979,0.006981,0.005984,0.006982,0.005983,0.006982,0.006982,0.008976,0.0069814,2119.5,164
6,A,1500,1500,(100 1400),(1400 100),0.011968,0.008977,0.007978,0.006981,0.007979,0.008017,0.007981,0.008936,0.006981,0.007979,0.0083777,2394.58,186
6,A,1500,1500,(100 1400),(1400 1400),0.005018,0.004997,0.004944,0.005022,0.00499,0.004968,0.004009,0.003986,0.003949,0.004987,0.004687,2215.45,157
6,A,1500,1500,(100 100),(1400 1400),0.003995,0.004979,0.002987,0.003993,0.003002,0.003989,0.003987,0.003991,0.002989,0.003993,0.0037905,1956.73,140
6,A,3000,3000,(200 200),(2800 200),0.005984,0.005984,0.005983,0.005985,0.006983,0.006979,0.005985,0.005984,0.005984,0.005984,0.0061835,4190.91,166
6,A,3000,3000,(200 2800),(2800 200),0.007937,0.007979,0.007979,0.008009,0.008944,0.008013,0.006948,0.007978,0.007979,0.007014,0.007878,4752.51,190
6,A,3000,3000,(200 2800),(2800 2800),0.005014,0.005984,0.003988,0.006947,0.005984,0.004986,0.005983,0.006982,0.007979,0.005983,0.005983,4430.9,157
6,A,3000,3000,(200 200),(2800 2800),0.006982,0.004986,0.007979,0.006981,0.005984,0.00399,0.003989,0.003989,0.002992,0.00399,0.0051862,3913.47,140
6,B,100,100,(6 6),(93 6),0.013963,0.013962,0.014961,0.013962,0.014961,0.013962,0.01496,0.015958,0.013963,0.01496,0.0145612,161.28,408
6,B,100,100,(6 93),(93 6),0.019946,0.017952,0.01895,0.016954,0.017952,0.02194,0.020944,0.017953,0.019945,0.019952,0.0192488,180.322,476
6,B,100,100,(6 93),(93 93),0.007978,0.005984,0.006993,0.005972,0.006982,0.006995,0.005983,0.007965,0.005984,0.006982,0.0067818,144.357,222
6,B,100,100,(6 6),(93 93),0.006026,0.005942,0.007014,0.005954,0.006018,0.004985,0.006973,0.006948,0.006028,0.005941,0.0061829,130.521,234
6,B,200,200,(13 13),(186 13),0.011967,0.01197,0.010971,0.01197,0.011974,0.011952,0.010977,0.011973,0.010967,0.011966,0.0116687,323.535,333
6,B,200,200,(13 186),(186 13),0.013994,0.01397,0.012945,0.014935,0.01496,0.014992,0.014928,0.013004,0.015947,0.013962,0.0143637,364.205,388
6,B,200,200,(13 186),(186 186),0.005028,0.004984,0.005984,0.005979,0.004998,0.004984,0.00598,0.004994,0.005983,0.004984,0.0053898,299.783,189
6,B,200,200,(13 13),(186 186),0.004982,0.004029,0.004991,0.003983,0.004981,0.003998,0.004986,0.003989,0.004989,0.003988,0.0044916,261.115,179
6,B,400,400,(26 26),(373 26),0.012956,0.012981,0.013918,0.012963,0.01496,0.011968,0.013962,0.013962,0.013963,0.015957,0.013759,648.111,356
6,B,400,400,(26 373),(373 26),0.017952,0.017956,0.015953,0.016954,0.017953,0.017958,0.018956,0.016944,0.016953,0.01698,0.0174559,730.343,397
6,B,400,400,(26 373),(373 373),0.005984,0.004987,0.004987,0.004986,0.003989,0.005985,0.004986,0.005988,0.004984,0.004986,0.0051862,601.67,184
6,B,400,400,(26 26),(373 373),0.004987,0.005985,0.004986,0.004986,0.00399,0.004986,0.004987,0.005984,0.007979,0.008976,0.0057846,523.334,192
6,B,500,500,(33 33),(466 33),0.013962,0.013964,0.014963,0.01695,0.013963,0.01496,0.015957,0.013963,0.013962,0.015958,0.0148602,808.898,360
6,B,500,500,(33 466),(466 33),0.017952,0.015957,0.016963,0.015949,0.017952,0.015957,0.015957,0.013964,0.01496,0.016954,0.0162565,911.949,401
6,B,500,500,(33 466),(466 466),0.005983,0.004986,0.004986,0.006981,0.00399,0.004987,0.004986,0.004987,0.004986,0.004987,0.0051859,751.584,184
6,B,500,500,(33 33),(466 466),0.006026,0.004945,0.004986,0.006982,0.00503,0.004987,0.004982,0.004987,0.004988,0.003988,0.0051901,653.181,192
6,B,600,600,(40 40),(560 40),0.018949,0.013963,0.012966,0.012965,0.014016,0.014911,0.013958,0.012965,0.013963,0.012965,0.0141621,975.528,348
6,B,600,600,(40 560),(560 40),0.016952,0.014959,0.015958,0.016954,0.016955,0.016955,0.015957,0.015958,0.017951,0.015958,0.0164557,1100.31,391
6,B,600,600,(40 560),(560 560),0.005983,0.005984,0.005985,0.00698,0.004999,0.005973,0.005984,0.005984,0.005984,0.004987,0.0058843,903.624,177
6,B,600,600,(40 40),(560 560),0.004986,0.004987,0.005984,0.004986,0.005984,0.004987,0.004987,0.004986,0.004987,0.004986,0.005186,784.149,188
6,B,1000,1000,(66 66),(933 66),0.014921,0.017952,0.019946,0.015958,0.017989,0.01495,0.019957,0.013925,0.015972,0.012993,0.0164563,1651.14,392
6,B,1000,1000,(66 933),(933 66),0.017952,0.018997,0.01692,0.020972,0.019952,0.01795,0.018924,0.016971,0.01696,0.016952,0.018255,1858.14,431
6,B,1000,1000,(66 933),(933 933),0.003985,0.005985,0.004977,0.004957,0.005025,0.004947,0.005,0.005012,0.004985,0.004951,0.0049824,1505.29,181
6,B,1000,1000,(66 66),(933 933),0.005986,0.005005,0.004991,0.005009,0.003983,0.005944,0.005007,0.004986,0.004999,0.004978,0.0050888,1307.48,192
6,B,1500,1500,(100 100),(1400 100),0.016994,0.01593,0.012953,0.013963,0.013002,0.014968,0.012959,0.013924,0.013963,0.015007,0.0143663,2474.93,382
6,B,1500,1500,(100 1400),(1400 100),0.015957,0.015957,0.015958,0.015957,0.018951,0.015956,0.01496,0.015957,0.015957,0.01496,0.016057,2786.88,423
6,B,1500,1500,(100 1400),(1400 1400),0.004986,0.004987,0.003989,0.00399,0.004986,0.00399,0.003989,0.004987,0.004987,0.004986,0.0045877,2259.06,177
6,B,1500,1500,(100 100),(1400 1400),0.004985,0.004987,0.00399,0.004986,0.004987,0.004986,0.00399,0.004986,0.004987,0.00399,0.0046874,1960.37,192
6,B,3000,3000,(200 200),(2800 200),0.013963,0.013962,0.014961,0.014959,0.016956,0.017949,0.023936,0.01496,0.02097,0.02092,0.0173536,4949.86,390
6,B,3000,3000,(200 2800),(2800 200),0.017952,0.01496,0.016954,0.015958,0.015958,0.015957,0.01496,0.019974,0.01496,0.015971,0.0163604,5573.76,432
6,B,3000,3000,(200 2800),(2800 2800),0.004983,0.005002,0.004983,0.004975,0.00399,0.004987,0.005983,0.004987,0.003989,0.005984,0.0049863,4518.12,181
6,B,3000,3000,(200 200),(2800 2800),0.005984,0.007978,0.008977,0.007978,0.005984,0.006981,0.005984,0.006985,0.00598,0.006982,0.0069813,3920.75,246
7,A,100,100,(6 6),(93 6),0.00399,0.002992,0.003989,0.002992,0.003989,0.002993,0.002991,0.00399,0.002992,0.003989,0.0034907,87.4373,155
7,A,100,100,(6 93),(93 6),0.019946,0.019947,0.020944,0.020944,0.022939,0.020944,0.022938,0.020945,0.020944,0.020943,0.0211434,129.09,773
7,A,100,100,(6 93),(93 93),0.003978,0.002992,0.002992,0.002992,0.002992,0.002992,0.002992,0.002992,0.003992,0.002989,0.0031903,87.0834,150
7,A,100,100,(6 6),(93 93),0.013962,0.015957,0.01496,0.013963,0.01496,0.015957,0.01496,0.01496,0.016955,0.015971,0.0152605,128.597,627
7,A,200,200,(13 13),(186 13),0.016955,0.015957,0.015957,0.015957,0.020945,0.015957,0.016954,0.015959,0.016954,0.016981,0.0168576,277.022,467
7,A,200,200,(13 186),(186 13),0.019974,0.020912,0.020974,0.023945,0.019947,0.020931,0.022912,0.019988,0.019944,0.020933,0.021046,313.771,510
7,A,200,200,(13 186),(186 186),0.009973,0.009017,0.009973,0.009932,0.011015,0.009963,0.009974,0.008974,0.009977,0.008973,0.0097771,292.468,312
7,A,200,200,(13 13),(186 186),0.007991,0.008005,0.006969,0.00798,0.007991,0.007977,0.006943,0.008022,0.007945,0.007007,0.007683,259.129,313
7,A,400,400,(26 26),(373 26),0.013979,0.01396,0.014946,0.01398,0.014917,0.015002,0.014918,0.013963,0.013943,0.01498,0.0144588,561.05,394
7,A,400,400,(26 373),(373 26),0.024936,0.022937,0.029919,0.028923,0.031914,0.025932,0.020959,0.026913,0.02395,0.019931,0.0256314,635.231,441
7,A,400,400,(26 373),(373 373),0.016955,0.015957,0.016955,0.009974,0.010969,0.010971,0.009973,0.011969,0.01097,0.010974,0.0125667,589.944,293
7,A,400,400,(26 26),(373 373),0.012965,0.007978,0.007978,0.006982,0.007978,0.007979,0.007979,0.007978,0.008977,0.008976,0.008577,522.267,272
7,A,500,500,(33 33),(466 33),0.016955,0.025931,0.017952,0.015957,0.015958,0.017978,0.01597,0.017913,0.019947,0.015989,0.018055,700.052,424
7,A,500,500,(33 466),(466 33),0.025931,0.028923,0.01895,0.018949,0.021944,0.018947,0.019946,0.020944,0.025931,0.022978,0.0223443,783.398,470
7,A,500,500,(33 466),(466 466),0.010961,0.010971,0.009974,0.011967,0.009973,0.009974,0.010971,0.009973,0.009975,0.010969,0.0105708,736.853,308
7,A,500,500,(33 33),(466 466),0.007979,0.01197,0.008973,0.007981,0.007978,0.008975,0.008977,0.008976,0.010972,0.008986,0.0091767,651.773,304
7,A,600,600,(40 40),(560 40),0.01496,0.01496,0.01496,0.013965,0.014958,0.012965,0.015957,0.013963,0.014961,0.014959,0.0146608,839.379,396
7,A,600,600,(40 560),(560 40),0.025941,0.019934,0.01895,0.020943,0.01895,0.019947,0.021941,0.021942,0.020944,0.023936,0.0213428,940.234,444
7,A,600,600,(40 560),(560 560),0.01496,0.016962,0.015957,0.013958,0.011967,0.012978,0.01396,0.011967,0.01097,0.009974,0.0133653,886.18,293
7,A,600,600,(40 40),(560 560),0.006981,0.008977,0.007978,0.007979,0.007983,0.008975,0.01396,0.01097,0.006982,0.009973,0.0090758,782.693,264
7,A,1000,1000,(66 66),(933 66),0.012964,0.012966,0.009973,0.009973,0.010971,0.012966,0.010971,0.01097,0.010984,0.012952,0.011569,1400.43,282
7,A,1000,1000,(66 933),(933 66),0.012966,0.012965,0.013962,0.01496,0.012966,0.012965,0.011968,0.013963,0.015957,0.011995,0.0134667,1586.92,320
7,A,1000,1000,(66 933),(933 933),0.007014,0.006981,0.005986,0.006982,0.00698,0.006982,0.005985,0.006945,0.006981,0.005984,0.006682,1476.12,226
7,A,1000,1000,(66 66),(933 933),0.005984,0.005984,0.006981,0.005984,0.005984,0.006983,0.005983,0.005984,0.005984,0.005984,0.0061835,1304.96,236
7,A,1500,1500,(100 100),(1400 100),0.009973,0.009974,0.009973,0.009973,0.008976,0.010971,0.008976,0.011016,0.009928,0.010014,0.0099774,2098.45,282
7,A,1500,1500,(100 1400),(1400 100),0.011968,0.012964,0.012965,0.012965,0.011968,0.011968,0.012965,0.012966,0.011968,0.012965,0.0125662,2379.25,318
7,A,1500,1500,(100 1400),(1400 1400),0.005978,0.007978,0.005984,0.006982,0.005983,0.005984,0.006982,0.006981,0.005984,0.006982,0.0065818,2215.45,222
7,A,1500,1500,(100 100),(1400 1400),0.007979,0.005984,0.008976,0.006981,0.006981,0.006982,0.005984,0.006981,0.008978,0.008975,0.0074801,1956.73,243
7,A,3000,3000,(200 200),(2800 200),0.009973,0.009973,0.009986,0.011956,0.009973,0.009983,0.008976,0.008976,0.009974,0.010971,0.0100741,4166.14,286
7,A,3000,3000,(200 2800),(2800 200),0.015001,0.012955,0.011975,0.012927,0.013007,0.012966,0.012968,0.01296,0.01296,0.011973,0.0129692,4727.74,329
7,A,3000,3000,(200 2800),(2800 2800),0.00702,0.006984,0.005981,0.007976,0.006947,0.00702,0.005989,0.007977,0.005982,0.006979,0.0068855,4430.9,228
7,A,3000,3000,(200 200),(2800 2800),0.005984,0.005985,0.006971,0.00695,0.006028,0.005981,0.00697,0.006985,0.006947,0.005984,0.0064785,3913.47,234
7,B,100,100,(6 6),(93 6),0.003948,0.004987,0.004026,0.002989,0.003988,0.003997,0.003985,0.004984,0.003002,0.003985,0.0039891,87.5508,180
7,B,100,100,(6 93),(93 6),0.038896,0.037897,0.037901,0.0389,0.03788,0.042859,0.050927,0.038876,0.03889,0.036897,0.0399923,131.01,1285
7,B,100,100,(6 93),(93 93),0.003968,0.002992,0.002992,0.002992,0.003989,0.002992,0.002992,0.002992,0.002992,0.002992,0.0031893,87.0834,143
7,B,100,100,(6 6),(93 93),0.020919,0.021939,0.021941,0.020944,0.020945,0.019946,0.020944,0.019947,0.020944,0.020944,0.0209413,129.795,838
7,B,200,200,(13 13),(186 13),0.029913,0.027925,0.027925,0.027925,0.027926,0.028923,0.028922,0.028923,0.028922,0.027926,0.028523,316.676,790
7,B,200,200,(13 186),(186 13),0.034906,0.034906,0.034907,0.042886,0.033909,0.034927,0.034922,0.034911,0.035909,0.034863,0.0357046,354.47,900
7,B,200,200,(13 186),(186 186),0.012998,0.010978,0.012956,0.012977,0.012922,0.012993,0.011951,0.012993,0.011929,0.012999,0.0125696,289.786,417
7,B,200,200,(13 13),(186 186),0.007981,0.007977,0.008941,0.008018,0.008944,0.008009,0.007977,0.007973,0.007988,0.00897,0.0082778,256.295,327
7,B,400,400,(26 26),(373 26),0.029919,0.029962,0.028924,0.02892,0.028922,0.029881,0.034907,0.033908,0.029921,0.03391,0.0309174,636.212,766
7,B,400,400,(26 373),(373 26),0.035905,0.036901,0.035904,0.035904,0.036901,0.037899,0.035904,0.037899,0.035904,0.036919,0.036604,719.557,893
7,B,400,400,(26 373),(373 373),0.011968,0.012966,0.011968,0.010972,0.012964,0.01097,0.012966,0.011968,0.011968,0.012965,0.0121675,589.087,382
7,B,400,400,(26 26),(373 373),0.008976,0.010971,0.009973,0.010971,0.010971,0.011967,0.012966,0.010971,0.009973,0.009973,0.0107712,517.766,350
7,B,500,500,(33 33),(466 33),0.026928,0.027925,0.028936,0.027913,0.027925,0.027926,0.025931,0.027925,0.027925,0.02992,0.0279254,794.72,686
7,B,500,500,(33 466),(466 33),0.031901,0.031915,0.031914,0.030918,0.032938,0.031888,0.028946,0.031891,0.029967,0.030907,0.0313185,901.25,749
7,B,500,500,(33 466),(466 466),0.009974,0.010971,0.008939,0.010018,0.009929,0.009024,0.00897,0.009973,0.008977,0.009972,0.0096747,745.655,319
7,B,500,500,(33 33),(466 466),0.009974,0.008976,0.009972,0.009974,0.010971,0.008975,0.009974,0.008976,0.009973,0.009973,0.0097738,646.221,332
7,B,600,600,(40 40),(560 40),0.023938,0.024932,0.023939,0.02493,0.022939,0.022938,0.024934,0.024933,0.024933,0.023936,0.0242352,954.067,643
7,B,600,600,(40 560),(560 40),0.0279,0.027926,0.02593,0.027926,0.027926,0.027924,0.026928,0.027925,0.026929,0.027925,0.0275239,1083.02,716
7,B,600,600,(40 560),(560 560),0.01097,0.009974,0.012965,0.013963,0.010969,0.01097,0.011981,0.010959,0.01197,0.010967,0.0115688,896.086,323
7,B,600,600,(40 40),(560 560),0.013964,0.010969,0.008975,0.009974,0.009974,0.008977,0.009987,0.009959,0.009973,0.008976,0.0101728,775.798,323
7,B,1000,1000,(66 66),(933 66),0.02593,0.02995,0.025903,0.029918,0.036902,0.037899,0.025931,0.026928,0.026926,0.027925,0.0294212,1597.74,653
7,B,1000,1000,(66 933),(933 66),0.028923,0.030917,0.027926,0.027925,0.037923,0.028925,0.029895,0.02995,0.027937,0.027924,0.0298245,1811.7,720
7,B,1000,1000,(66 933),(933 933),0.011979,0.008964,0.010971,0.008976,0.010971,0.008976,0.009973,0.008976,0.009973,0.008976,0.0098735,1493.23,324
7,B,1000,1000,(66 66),(933 933),0.011968,0.008976,0.009973,0.008976,0.010971,0.009973,0.008976,0.010971,0.008976,0.01097,0.010073,1293.56,333
7,B,1500,1500,(100 100),(1400 100),0.026929,0.028921,0.026929,0.02593,0.027926,0.033908,0.034907,0.02593,0.025931,0.026929,0.028424,2402.29,625
7,B,1500,1500,(100 1400),(1400 100),0.028921,0.026928,0.027926,0.030917,0.026928,0.028923,0.02593,0.02992,0.026928,0.028924,0.0282245,2724.67,691
7,B,1500,1500,(100 1400),(1400 1400),0.00902,0.009973,0.009958,0.007988,0.008975,0.00898,0.010975,0.007977,0.009973,0.009962,0.0093781,2240.22,314
7,B,1500,1500,(100 100),(1400 1400),0.008975,0.009974,0.009972,0.009974,0.010971,0.009973,0.008975,0.009974,0.010971,0.01097,0.0100729,1939.49,323
7,B,3000,3000,(200 200),(2800 200),0.024923,0.025908,0.023978,0.024932,0.023937,0.024936,0.025902,0.024917,0.023978,0.024927,0.0248338,4804.58,640
7,B,3000,3000,(200 2800),(2800 200),0.037895,0.040191,0.030654,0.02746,0.02984,0.028111,0.027922,0.028923,0.028913,0.028924,0.0308833,5449.34,701
7,B,3000,3000,(200 2800),(2800 2800),0.011005,0.010936,0.01098,0.010961,0.009973,0.008976,0.009981,0.009965,0.009974,0.00901,0.0101761,4480.43,322
7,B,3000,3000,(200 200),(2800 2800),0.008986,0.009978,0.008977,0.00996,0.009981,0.007982,0.009931,0.008977,0.008976,0.008977,0.0092725,3878.99,332
